<?xml version="1.0" encoding="UTF-8"?><module codename="org.netbeans.api.progress/1">
    <module_version install_time="1555995122090" last="true" origin="installer" specification_version="1.47.1">
        <file crc="1135744155" name="config/ModuleAutoDeps/org-netbeans-api-progress.xml"/>
        <file crc="1605883752" name="config/Modules/org-netbeans-api-progress.xml"/>
        <file crc="1429282532" name="modules/locale/org-netbeans-api-progress_ja.jar"/>
        <file crc="1753776588" name="modules/locale/org-netbeans-api-progress_pt_BR.jar"/>
        <file crc="49259877" name="modules/locale/org-netbeans-api-progress_ru.jar"/>
        <file crc="3499074706" name="modules/locale/org-netbeans-api-progress_zh_CN.jar"/>
        <file crc="163285928" name="modules/org-netbeans-api-progress.jar"/>
    </module_version>
</module>
