<?xml version="1.0" encoding="UTF-8"?><module codename="org.netbeans.modules.editor.mimelookup/1">
    <module_version install_time="1559731678706" last="true" origin="installer" specification_version="1.40.1">
        <file crc="244035803" name="config/Modules/org-netbeans-modules-editor-mimelookup.xml"/>
        <file crc="3366335784" name="modules/locale/org-netbeans-modules-editor-mimelookup_ja.jar"/>
        <file crc="1329917764" name="modules/locale/org-netbeans-modules-editor-mimelookup_pt_BR.jar"/>
        <file crc="1848227636" name="modules/locale/org-netbeans-modules-editor-mimelookup_ru.jar"/>
        <file crc="504517711" name="modules/locale/org-netbeans-modules-editor-mimelookup_zh_CN.jar"/>
        <file crc="2665831512" name="modules/org-netbeans-modules-editor-mimelookup.jar"/>
    </module_version>
</module>
