<?xml version="1.0" encoding="UTF-8"?><module codename="org.openide.options">
    <module_version install_time="1559731690560" last="true" origin="installer" specification_version="6.37.1">
        <file crc="2763036759" name="config/Modules/org-openide-options.xml"/>
        <file crc="1733346770" name="modules/locale/org-openide-options_ja.jar"/>
        <file crc="839517688" name="modules/locale/org-openide-options_pt_BR.jar"/>
        <file crc="1816280842" name="modules/locale/org-openide-options_ru.jar"/>
        <file crc="3827186132" name="modules/locale/org-openide-options_zh_CN.jar"/>
        <file crc="3748269834" name="modules/org-openide-options.jar"/>
    </module_version>
</module>
