<?xml version="1.0" encoding="UTF-8"?><module codename="org.netbeans.api.search">
    <module_version install_time="1559731670064" last="true" origin="installer" specification_version="1.21.1">
        <file crc="3710953649" name="config/Modules/org-netbeans-api-search.xml"/>
        <file crc="167920807" name="modules/locale/org-netbeans-api-search_ja.jar"/>
        <file crc="389785895" name="modules/locale/org-netbeans-api-search_pt_BR.jar"/>
        <file crc="1773156176" name="modules/locale/org-netbeans-api-search_ru.jar"/>
        <file crc="487815062" name="modules/locale/org-netbeans-api-search_zh_CN.jar"/>
        <file crc="1410543312" name="modules/org-netbeans-api-search.jar"/>
    </module_version>
</module>
