<?xml version="1.0" encoding="UTF-8"?><module codename="org.netbeans.modules.masterfs.ui">
    <module_version install_time="1559731681420" last="true" origin="installer" specification_version="2.3.1.2">
        <file crc="2385583820" name="config/Modules/org-netbeans-modules-masterfs-ui.xml"/>
        <file crc="314585791" name="modules/locale/org-netbeans-modules-masterfs-ui_ja.jar"/>
        <file crc="1867486333" name="modules/locale/org-netbeans-modules-masterfs-ui_pt_BR.jar"/>
        <file crc="3691492595" name="modules/locale/org-netbeans-modules-masterfs-ui_ru.jar"/>
        <file crc="1619244082" name="modules/locale/org-netbeans-modules-masterfs-ui_zh_CN.jar"/>
        <file crc="1336993520" name="modules/org-netbeans-modules-masterfs-ui.jar"/>
    </module_version>
</module>
